{
  "footer_copy1": "© 2017 - All Rights Reserved.",
  "footer_copy2": "Website Design: <a href=\"http:\/\/themeforest.net\/item\/publisher\/15801051?ref=Better-Studio\">BetterStudio<\/a>",
  "layout-2-col": {
    "width": "1040",
    "content": "67",
    "primary": "33"
  },
  "layout_style": "full-width",
  "general_layout": "2-col-right",
  "general_listing": "grid-1",
  "pagination_type": "links",
  "back_to_top": "show",
  "light_box_images": "enable",
  "sticky_sidebar": "enable",
  "home_layout": "default",
  "home_listing": "default",
  "home_cat_include": "",
  "home_cat_exclude": "",
  "home_tag_include": "",
  "home_custom_post_type": "",
  "home_posts_count": "",
  "home_pagination_type": "default",
  "post_layout": "default",
  "post_template": "style-13",
  "post_author_box": "show",
  "post_related": "show",
  "post_related_type": "cat",
  "post_related_count": 3,
  "post_comments": "show-simple",
  "post_comments_form_position": "bottom",
  "post_comments_form_remove_url": "no",
  "page_layout": "default",
  "cat_layout": "default",
  "cat_listing": "default",
  "cat_posts_count": "",
  "cat_pagination_type": "default",
  "cat_top_posts": "style-5",
  "cat_top_posts_gradient": "simple-gr",
  "tag_layout": "default",
  "tag_listing": "default",
  "tag_posts_count": "",
  "tag_pagination_type": "default",
  "author_layout": "default",
  "author_listing": "default",
  "author_posts_count": "",
  "author_pagination_type": "default",
  "search_layout": "default",
  "search_listing": "default",
  "search_menu": "default",
  "search_result_content": "post",
  "search_posts_count": "",
  "search_pagination_type": "default",
  "archive_404_menu": "default",
  "bbpress_layout": "default",
  "header_layout": "full-width",
  "header_style": "style-4",
  "menu_sticky": "smart",
  "menu_show_search_box": "show",
  "resp_logo_image": "",
  "resp_logo_image_retina": "",
  "topbar_style": "hidden",
  "topbar_show_date": "hide",
  "topbar_show_social_icons": "show",
  "header_top_padding": "",
  "header_bottom_padding": "",
  "social_share_single": "top-bottom",
  "social_share_page": "hide",
  "footer_widgets": "3-column",
  "footer_social_feed": "style-3",
  "footer_instagram": "nallien",
  "footer_social": "hide",
  "style": "classic-blog",
  "theme_color": "#4ea371",
  "site_bg_color": "",
  "site_bg_image": "",
  "topbar_date_bg": "",
  "topbar_date_color": "",
  "topbar_text_color": "#707070",
  "topbar_text_hcolor": "",
  "topbar_bg_color": "#f5f5f5",
  "topbar_border_color": "#f5f5f5",
  "topbar_icon_text_color": "#424242",
  "topbar_icon_text_hcolor": "#3b3b3b",
  "topbar_icon_bg": "#f5f5f5",
  "topbar_icon_bg_hover": "",
  "header_top_border": 0,
  "header_top_border_color": "",
  "header_menu_btop_color": "#2d2d2d",
  "header_menu_st1_bbottom_color": "#2d2d2d",
  "header_menu_st2_bbottom_color": "#2d2d2d",
  "header_menu_st3_bbottom_color": "#2d2d2d",
  "header_menu_st4_bbottom_color": "#2d2d2d",
  "header_menu_st5_bbottom_color": "#dedede",
  "header_menu_st6_bbottom_color": "#dedede",
  "header_menu_st7_bbottom_color": "#2d2d2d",
  "header_menu_st8_bbottom_color": "#dedede",
  "header_menu_text_color": "#ffffff",
  "header_menu_bg_color": "#2d2d2d",
  "resp_scheme": "dark",
  "header_bg_color": "",
  "header_bg_image": "",
  "cat_topposts_bg_color": "",
  "footer_link_color": "#ffffff",
  "footer_link_hover_color": "",
  "footer_widgets_text": "light-text",
  "footer_widgets_bg_color": "",
  "footer_copy_bg_color": "#2e2e2e",
  "footer_social_bg_color": "#292929",
  "footer_bg_color": "",
  "footer_bg_image": "",
  "widget_title_color": "#ffffff",
  "widget_title_bg_color": "#444444",
  "widget_bg_color": "",
  "section_title_color": "#ffffff",
  "section_title_bg_color": "#2d2d2d",
  "typo_body": {
    "family": "Lora",
    "variant": "regular",
    "subset": "latin",
    "align": "inherit",
    "transform": "inherit",
    "size": "13",
    "letter-spacing": "",
    "color": "#7b7b7b"
  },
  "typo_heading": {
    "family": "Montserrat",
    "variant": "regular",
    "subset": "latin",
    "transform": "uppercase",
    "letter-spacing": ""
  },
  "typo_meta": {
    "family": "Lora",
    "variant": "regular",
    "subset": "latin",
    "transform": "none",
    "size": "11",
    "letter-spacing": "",
    "color": "#b7b7b7"
  },
  "typo_meta_author": {
    "family": "Montserrat",
    "variant": "regular",
    "subset": "latin",
    "transform": "uppercase",
    "size": "12",
    "letter-spacing": ""
  },
  "typo_badges": {
    "family": "Lato",
    "variant": "700",
    "subset": "latin",
    "transform": "uppercase",
    "size": "11",
    "letter-spacing": ""
  },
  "typo_post_heading": {
    "family": "Montserrat",
    "variant": "regular",
    "subset": "latin",
    "transform": "uppercase",
    "size": "22",
    "line_height": "26"
  },
  "typo_post_tp1_heading": "22px",
  "typo_post_tp2_heading": "26px",
  "typo_post_tp3_heading": "26px",
  "typo_post_tp4_heading": "26px",
  "typo_post_tp5_heading": "24px",
  "typo_post_tp6_heading": "22px",
  "typo_post_tp7_heading": "22px",
  "typo_post_tp8_heading": "22px",
  "typo_post_tp9_heading": "22px",
  "typo_post_tp10_heading": "22px",
  "typo_post_tp11_heading": "20px",
  "typo_post_tp12_heading": "22px",
  "typo_post_tp13_heading": "22px",
  "typo_post_subtitle": {
    "family": "Lora",
    "variant": "italic",
    "subset": "latin",
    "transform": "inherit",
    "size": "20",
    "letter-spacing": ""
  },
  "typo_entry_content": {
    "family": "Lora",
    "variant": "regular",
    "subset": "latin",
    "align": "inherit",
    "transform": "initial",
    "size": "14",
    "letter-spacing": "",
    "color": "#585858"
  },
  "typo_post_summary": {
    "family": "Lora",
    "variant": "regular",
    "subset": "latin",
    "align": "inherit",
    "transform": "initial",
    "size": "13",
    "line_height": "19",
    "letter-spacing": "",
    "color": "#888888"
  },
  "typ_header_menu": {
    "family": "Montserrat",
    "variant": "regular",
    "subset": "latin",
    "align": "inherit",
    "transform": "uppercase",
    "size": "12",
    "letter-spacing": "1px"
  },
  "typ_header_sub_menu": {
    "family": "Lato",
    "variant": "regular",
    "subset": "latin",
    "align": "inherit",
    "transform": "none",
    "size": "13",
    "letter-spacing": ""
  },
  "typo_topbar_menu": {
    "family": "Lato",
    "variant": "regular",
    "subset": "latin",
    "align": "inherit",
    "transform": "uppercase",
    "size": "10",
    "letter-spacing": "",
    "color": "#424242"
  },
  "typo_topbar_sub_menu": {
    "family": "Lato",
    "variant": "regular",
    "subset": "latin",
    "align": "inherit",
    "transform": "uppercase",
    "size": "12",
    "letter-spacing": "",
    "color": "#d1d1d1"
  },
  "typo_topbar_date": {
    "family": "Lato",
    "variant": "700",
    "subset": "latin",
    "transform": "uppercase",
    "size": "12",
    "letter-spacing": ""
  },
  "typo_archive_title_pre": {
    "family": "Lato",
    "variant": "regular",
    "subset": "latin",
    "size": "14",
    "align": "inherit",
    "transform": "capitalize",
    "letter-spacing": ""
  },
  "typo_archive_title": {
    "family": "Montserrat",
    "variant": "regular",
    "subset": "latin",
    "align": "center",
    "transform": "uppercase",
    "size": "14",
    "letter-spacing": "",
    "color": "#ffffff"
  },
  "typo_listing_classic_1_title": {
    "family": "Montserrat",
    "variant": "regular",
    "subset": "latin",
    "align": "inherit",
    "transform": "uppercase",
    "size": "18",
    "line_height": "24",
    "letter-spacing": "",
    "color": "#383838"
  },
  "typo_listing_classic_2_title": {
    "family": "Montserrat",
    "variant": "regular",
    "subset": "latin",
    "align": "inherit",
    "transform": "uppercase",
    "size": "18",
    "line_height": "24",
    "letter-spacing": "",
    "color": "#383838"
  },
  "typo_listing_classic_3_title": {
    "family": "Montserrat",
    "variant": "regular",
    "subset": "latin",
    "align": "center",
    "transform": "uppercase",
    "size": "18",
    "line_height": "25",
    "letter-spacing": "",
    "color": "#383838"
  },
  "typo_mg_1_title": {
    "family": "Montserrat",
    "variant": "regular",
    "subset": "latin",
    "align": "inherit",
    "transform": "uppercase",
    "size": "18",
    "letter-spacing": "",
    "color": "#ffffff"
  },
  "typo_mg_2_title": {
    "family": "Montserrat",
    "variant": "regular",
    "subset": "latin",
    "align": "inherit",
    "transform": "uppercase",
    "size": "18",
    "letter-spacing": "",
    "color": "#ffffff"
  },
  "typo_mg_3_title": {
    "family": "Montserrat",
    "variant": "regular",
    "subset": "latin",
    "align": "inherit",
    "transform": "uppercase",
    "size": "16",
    "letter-spacing": ""
  },
  "typo_mg_4_title": {
    "family": "Montserrat",
    "variant": "regular",
    "subset": "latin",
    "align": "inherit",
    "transform": "uppercase",
    "size": "15",
    "letter-spacing": ""
  },
  "typo_mg_5_title_big": {
    "family": "Montserrat",
    "variant": "regular",
    "subset": "latin",
    "align": "center",
    "transform": "uppercase",
    "size": "18",
    "letter-spacing": ""
  },
  "typo_mg_5_title_small": {
    "family": "Montserrat",
    "variant": "regular",
    "subset": "latin",
    "align": "center",
    "transform": "uppercase",
    "size": "14",
    "letter-spacing": "-0.4px"
  },
  "typo_mg_6_title": {
    "family": "Montserrat",
    "variant": "regular",
    "subset": "latin",
    "align": "inherit",
    "transform": "uppercase",
    "size": "18",
    "letter-spacing": "",
    "color": "#ffffff"
  },
  "typo_listing_grid_1_title": {
    "family": "Montserrat",
    "variant": "regular",
    "subset": "latin",
    "align": "inherit",
    "transform": "uppercase",
    "size": "16",
    "line_height": "22",
    "letter-spacing": "",
    "color": "#383838"
  },
  "typo_listing_grid_2_title": {
    "family": "Montserrat",
    "variant": "regular",
    "subset": "latin",
    "align": "inherit",
    "transform": "uppercase",
    "size": "17",
    "line_height": "22",
    "letter-spacing": "",
    "color": "#383838"
  },
  "typo_listing_tall_1_title": {
    "family": "Montserrat",
    "variant": "regular",
    "subset": "latin",
    "align": "inherit",
    "transform": "uppercase",
    "size": "15",
    "line_height": "22",
    "letter-spacing": "-0.4px",
    "color": "#383838"
  },
  "typo_listing_tall_2_title": {
    "family": "Montserrat",
    "variant": "regular",
    "subset": "latin",
    "align": "center",
    "transform": "uppercase",
    "size": "15",
    "line_height": "22",
    "letter-spacing": "-0.4px",
    "color": "#383838"
  },
  "typo_listing_slider_1_title": {
    "family": "Montserrat",
    "variant": "regular",
    "subset": "latin",
    "align": "inherit",
    "transform": "uppercase",
    "size": "20",
    "line_height": "30",
    "letter-spacing": ""
  },
  "typo_listing_slider_2_title": {
    "family": "Montserrat",
    "variant": "regular",
    "subset": "latin",
    "align": "inherit",
    "transform": "uppercase",
    "size": "18",
    "line_height": "26",
    "letter-spacing": "",
    "color": "#383838"
  },
  "typo_listing_slider_3_title": {
    "family": "Montserrat",
    "variant": "regular",
    "subset": "latin",
    "align": "inherit",
    "transform": "uppercase",
    "size": "18",
    "line_height": "26",
    "letter-spacing": "",
    "color": "#383838"
  },
  "typo_listing_box_1_title": {
    "family": "Montserrat",
    "variant": "regular",
    "subset": "latin",
    "align": "inherit",
    "transform": "uppercase",
    "size": "16",
    "line_height": "28",
    "letter-spacing": ""
  },
  "typo_listing_box_2_title": {
    "family": "Montserrat",
    "variant": "regular",
    "subset": "latin",
    "align": "inherit",
    "transform": "uppercase",
    "size": "14",
    "line_height": "20",
    "letter-spacing": ""
  },
  "typo_listing_box_3_title": {
    "family": "Montserrat",
    "variant": "regular",
    "subset": "latin",
    "align": "inherit",
    "transform": "uppercase",
    "size": "16",
    "line_height": "22",
    "letter-spacing": ""
  },
  "typo_listing_box_4_title": {
    "family": "Montserrat",
    "variant": "regular",
    "subset": "latin",
    "align": "inherit",
    "transform": "uppercase",
    "size": "16",
    "line_height": "22",
    "letter-spacing": ""
  },
  "typo_listing_blog_1_title": {
    "family": "Montserrat",
    "variant": "regular",
    "subset": "latin",
    "align": "inherit",
    "transform": "uppercase",
    "size": "16",
    "line_height": "20",
    "letter-spacing": "",
    "color": "#383838"
  },
  "typo_listing_blog_5_title": {
    "family": "Montserrat",
    "variant": "regular",
    "subset": "latin",
    "align": "inherit",
    "transform": "uppercase",
    "size": "18",
    "line_height": "22",
    "letter-spacing": "",
    "color": "#383838"
  },
  "typo_listing_thumbnail_1_title": {
    "family": "Montserrat",
    "variant": "regular",
    "subset": "latin",
    "align": "inherit",
    "transform": "uppercase",
    "size": "13",
    "line_height": "16",
    "letter-spacing": "",
    "color": "#383838"
  },
  "typo_listing_thumbnail_2_title": {
    "family": "Montserrat",
    "variant": "regular",
    "subset": "latin",
    "align": "inherit",
    "transform": "uppercase",
    "size": "13",
    "line_height": "16",
    "letter-spacing": "",
    "color": "#383838"
  },
  "typo_text_listing_1_title": {
    "family": "Montserrat",
    "variant": "regular",
    "subset": "latin",
    "align": "center",
    "transform": "uppercase",
    "size": "15",
    "line_height": "18",
    "letter-spacing": "",
    "color": "#383838"
  },
  "typo_text_listing_2_title": {
    "family": "Montserrat",
    "variant": "regular",
    "subset": "latin",
    "align": "inherit",
    "transform": "uppercase",
    "size": "13",
    "line_height": "16",
    "letter-spacing": "",
    "color": "#383838"
  },
  "typo_text_listing_3_title": {
    "family": "Montserrat",
    "variant": "regular",
    "subset": "latin",
    "align": "inherit",
    "transform": "uppercase",
    "size": "13",
    "line_height": "16",
    "letter-spacing": "",
    "color": "#383838"
  },
  "typo_widget_title": {
    "family": "Lato",
    "variant": "700",
    "subset": "latin",
    "transform": "uppercase",
    "size": "12",
    "line_height": "16",
    "letter-spacing": "1px"
  },
  "typo_section_heading": {
    "family": "Lato",
    "variant": "700",
    "subset": "latin",
    "transform": "uppercase",
    "size": "12",
    "line_height": "16",
    "letter-spacing": "1px"
  },
  "typo_footer_menu": {
    "family": "Lato",
    "variant": "regular",
    "subset": "latin",
    "transform": "uppercase",
    "size": "12",
    "line_height": "12",
    "letter-spacing": "",
    "color": "#ffffff"
  },
  "typo_footer_copy": {
    "family": "Lato",
    "variant": "regular",
    "subset": "latin",
    "size": "10",
    "line_height": "10",
    "letter-spacing": ""
  },
  "breadcrumb": "hide",
  "default_thumbnail": "",
  "typo_blocks_subtitle": {
    "family": "Lato",
    "variant": "italic",
    "subset": "latin",
    "align": "inherit",
    "transform": "inherit",
    "line_height": "18",
    "letter-spacing": "",
    "color": "#565656"
  },
  "typo_listing_classic_1_subtitle": "17",
  "typo_listing_classic_2_subtitle": "17",
  "typo_listing_classic_3_subtitle": "17",
  "typo_mg_1_subtitle": "16",
  "typo_mg_2_subtitle": "16",
  "typo_mg_3_subtitle": "16",
  "typo_mg_4_subtitle": "15",
  "typo_mg_5_subtitle": "16",
  "typo_mg_6_subtitle": "16",
  "typo_mg_7_subtitle": "16",
  "typo_mg_8_subtitle": "16",
  "typo_mg_9_subtitle": "15",
  "typo_mg_10_subtitle": "16",
  "typo_listing_grid_1_subtitle": "16",
  "typo_listing_grid_2_subtitle": "16",
  "typo_listing_tall_1_subtitle": "14",
  "typo_listing_tall_2_subtitle": "14",
  "typo_listing_slider_1_subtitle": "15",
  "typo_listing_slider_2_subtitle": "15",
  "typo_listing_slider_3_subtitle": "15",
  "typo_listing_blog_1_subtitle": "15",
  "typo_listing_blog_5_subtitle": "17",
  "typo_listing_thumbnail_1_subtitle": "14",
  "typo_listing_thumbnail_2_subtitle": "14",
  "typo_text_listing_1_subtitle": "14",
  "typo_text_listing_2_subtitle": "14"
}