{
  "footer_copy1": "© ۲۰۱۶ - جميع الحقوق محفوظة.",
  "footer_copy2": "تصميم موقع انترنت: <a href=\"http:\/\/themeforest.net\/item\/publisher\/15801051?ref=Better-Studio\">أفضل ستوديو<\/a>",
  "layout_style": "full-width",
  "general_layout": "2-col-right",
  "general_listing": "blog-1",
  "pagination_type": "links",
  "back_to_top": "show",
  "light_box_images": "enable",
  "sticky_sidebar": "enable",
  "home_layout": "default",
  "home_listing": "default",
  "home_cat_include": "",
  "home_cat_exclude": "",
  "home_tag_include": "",
  "home_custom_post_type": "",
  "home_posts_count": "",
  "home_pagination_type": "default",
  "post_layout": "default",
  "post_template": "style-10",
  "post_author_box": "show",
  "post_related": "show",
  "post_related_type": "cat",
  "post_related_count": "3",
  "post_comments": "show-simple",
  "post_comments_form_position": "bottom",
  "post_comments_form_remove_url": "no",
  "page_layout": "default",
  "page_comments": "hide",
  "cat_layout": "default",
  "cat_listing": "grid-1",
  "cat_posts_count": "",
  "cat_pagination_type": "default",
  "cat_slider": "custom-blocks",
  "cat_top_posts": "style-1",
  "cat_top_posts_gradient": "colored",
  "cat_rev_slider_item": "",
  "tag_layout": "default",
  "tag_listing": "default",
  "tag_posts_count": "",
  "tag_pagination_type": "default",
  "author_layout": "default",
  "author_listing": "default",
  "author_posts_count": "",
  "author_pagination_type": "default",
  "search_layout": "default",
  "search_listing": "default",
  "search_menu": "default",
  "search_result_content": "post",
  "search_posts_count": "",
  "search_pagination_type": "default",
  "archive_404_menu": "default",
  "bbpress_layout": "default",
  "header_layout": "full-width",
  "header_style": "style-6",
  "menu_sticky": "smart",
  "menu_show_search_box": "show",
  "resp_logo_image": "",
  "resp_logo_image_retina": "",
  "topbar_style": "style-1",
  "topbar_show_date": "show",
  "topbar_show_social_icons": "show",
  "header_top_padding": "",
  "header_bottom_padding": "",
  "social_share_single": "top-bottom",
  "social_share_page": "hide",
  "footer_widgets": "4-column",
  "footer_social_feed": "style-3",
  "footer_instagram": "heystudio",
  "footer_social": "show",
  "style": "clean-tech",
  "theme_color": "#0a9e01",
  "site_bg_color": "#f7f7f7",
  "site_bg_image": {
    "type": "cover",
    "img": ""
  },
  "topbar_date_bg": "",
  "topbar_date_color": "",
  "topbar_text_color": "#707070",
  "topbar_text_hcolor": "",
  "topbar_bg_color": "#ffffff",
  "topbar_border_color": "#e6e6e6",
  "topbar_icon_text_color": "#444444",
  "topbar_icon_text_hcolor": "#0a9e01",
  "topbar_icon_bg": "",
  "topbar_icon_bg_hover": "",
  "header_top_border": "1",
  "header_top_border_color": "",
  "header_menu_btop_color": "#dedede",
  "header_menu_st1_bbottom_color": "#dedede",
  "header_menu_st2_bbottom_color": "#dedede",
  "header_menu_st3_bbottom_color": "#dedede",
  "header_menu_st4_bbottom_color": "#dedede",
  "header_menu_st5_bbottom_color": "#dedede",
  "header_menu_st6_bbottom_color": "#dedede",
  "header_menu_st7_bbottom_color": "#dedede",
  "header_menu_st8_bbottom_color": "#dedede",
  "header_menu_text_color": "#444444",
  "header_menu_bg_color": "",
  "resp_scheme": "light",
  "header_bg_color": "#ffffff",
  "header_bg_image": {
    "type": "cover",
    "img": ""
  },
  "cat_topposts_bg_color": "",
  "footer_link_color": "#282e28",
  "footer_link_hover_color": "",
  "footer_widgets_text": "light-text",
  "footer_widgets_bg_color": "",
  "footer_copy_bg_color": "#ffffff",
  "footer_social_bg_color": "#ffffff",
  "footer_bg_color": "#ffffff",
  "footer_bg_image": {
    "type": "cover",
    "img": ""
  },
  "widget_title_color": "#444444",
  "widget_title_bg_color": "#444444",
  "widget_bg_color": "",
  "section_title_color": "#444444",
  "section_title_bg_color": "#444444",
  "typo_body": {
    "family": "Noto Naskh Arabic UI",
    "variant": "400",
    "subset": "unknown",
    "align": "inherit",
    "transform": "inherit",
    "size": "14",
    "letter-spacing": "",
    "color": "#333333"
  },
  "typo_heading": {
    "family": "Droid Arabic Kufi",
    "variant": "700",
    "subset": "unknown",
    "transform": "inherit",
    "letter-spacing": ""
  },
  "typo_heading_h1": "28px",
  "typo_heading_h2": "26px",
  "typo_heading_h3": "23px",
  "typo_heading_h4": "20px",
  "typo_heading_h5": "17px",
  "typo_heading_h6": "15px",
  "typo_meta": {
    "family": "Noto Naskh Arabic UI",
    "variant": "400",
    "subset": "unknown",
    "transform": "none",
    "size": "12",
    "letter-spacing": "",
    "color": "#b7b7b7"
  },
  "typo_meta_author": {
    "family": "Noto Naskh Arabic UI",
    "variant": "700",
    "subset": "unknown",
    "transform": "uppercase",
    "size": "12",
    "letter-spacing": "",
    "color": "#434343"
  },
  "typo_badges": {
    "family": "Noto Kufi Arabic",
    "variant": "400",
    "subset": "unknown",
    "transform": "uppercase",
    "size": "12",
    "letter-spacing": ""
  },
  "typo_post_heading": {
    "family": "Droid Arabic Kufi",
    "variant": "700",
    "subset": "unknown",
    "transform": "capitalize",
    "letter-spacing": ""
  },
  "typo_post_tp1_heading": "24px",
  "typo_post_tp2_heading": "22px",
  "typo_post_tp3_heading": "22px",
  "typo_post_tp4_heading": "22px",
  "typo_post_tp5_heading": "22px",
  "typo_post_tp6_heading": "22px",
  "typo_post_tp7_heading": "22px",
  "typo_post_tp8_heading": "22px",
  "typo_post_tp9_heading": "22px",
  "typo_post_tp10_heading": "20px",
  "typo_post_tp11_heading": "21px",
  "typo_post_tp12_heading": "20px",
  "typo_post_tp13_heading": "20px",
  "typo_post_subtitle": {
    "family": "Droid Arabic Kufi",
    "variant": "400",
    "subset": "unknown",
    "size": "14",
    "transform": "capitalize",
    "letter-spacing": ""
  },
  "typo_entry_content": {
    "family": "Noto Naskh Arabic UI",
    "variant": "400",
    "subset": "unknown",
    "align": "inherit",
    "transform": "initial",
    "size": "15",
    "letter-spacing": "",
    "color": "#333333"
  },
  "typo_post_summary": {
    "family": "Noto Naskh Arabic UI",
    "variant": "400",
    "subset": "unknown",
    "align": "inherit",
    "transform": "initial",
    "size": "13",
    "line_height": "20",
    "letter-spacing": "",
    "color": "#888888"
  },
  "typ_header_menu": {
    "family": "Droid Arabic Kufi",
    "variant": "700",
    "subset": "unknown",
    "align": "inherit",
    "transform": "uppercase",
    "size": "12",
    "letter-spacing": ""
  },
  "typ_header_sub_menu": {
    "family": "Droid Arabic Kufi",
    "variant": "700",
    "subset": "unknown",
    "align": "inherit",
    "transform": "none",
    "size": "12",
    "letter-spacing": ""
  },
  "typo_topbar_menu": {
    "family": "Noto Naskh Arabic UI",
    "variant": "400",
    "subset": "unknown",
    "align": "inherit",
    "transform": "capitalize",
    "size": "13",
    "letter-spacing": ""
  },
  "typo_topbar_sub_menu": {
    "family": "Noto Naskh Arabic UI",
    "variant": "400",
    "subset": "unknown",
    "align": "inherit",
    "transform": "none",
    "size": "13",
    "letter-spacing": ""
  },
  "typo_topbar_date": {
    "family": "Noto Naskh Arabic UI",
    "variant": "400",
    "subset": "unknown",
    "transform": "uppercase",
    "size": "12",
    "letter-spacing": ""
  },
  "typo_archive_title_pre": {
    "family": "Noto Naskh Arabic UI",
    "variant": "400",
    "subset": "unknown",
    "align": "inherit",
    "transform": "capitalize",
    "size": "14",
    "letter-spacing": ""
  },
  "typo_archive_title": {
    "family": "Droid Arabic Kufi",
    "variant": "700",
    "subset": "unknown",
    "align": "inherit",
    "transform": "capitalize",
    "size": "20",
    "letter-spacing": "",
    "color": "#383838"
  },
  "typo_listing_classic_1_title": {
    "family": "Droid Arabic Kufi",
    "variant": "700",
    "subset": "unknown",
    "align": "inherit",
    "transform": "none",
    "size": "18",
    "line_height": "27",
    "letter-spacing": "",
    "color": "#383838"
  },
  "typo_listing_classic_2_title": {
    "family": "Droid Arabic Kufi",
    "variant": "700",
    "subset": "unknown",
    "align": "inherit",
    "transform": "none",
    "size": "18",
    "line_height": "27",
    "letter-spacing": "",
    "color": "#383838"
  },
  "typo_listing_classic_3_title": {
    "family": "Droid Arabic Kufi",
    "variant": "700",
    "subset": "unknown",
    "align": "inherit",
    "transform": "none",
    "size": "18",
    "line_height": "30",
    "letter-spacing": "",
    "color": "#383838"
  },
  "typo_mg_1_title": {
    "family": "Droid Arabic Kufi",
    "variant": "700",
    "subset": "unknown",
    "align": "inherit",
    "transform": "capitalize",
    "size": "21",
    "letter-spacing": "",
    "color": "#ffffff"
  },
  "typo_mg_2_title": {
    "family": "Droid Arabic Kufi",
    "variant": "700",
    "subset": "unknown",
    "align": "inherit",
    "transform": "capitalize",
    "size": "21",
    "letter-spacing": "",
    "color": "#ffffff"
  },
  "typo_mg_3_title": {
    "family": "Droid Arabic Kufi",
    "variant": "700",
    "subset": "unknown",
    "align": "inherit",
    "transform": "capitalize",
    "size": "15",
    "letter-spacing": "",
    "color": "#ffffff"
  },
  "typo_mg_4_title": {
    "family": "Droid Arabic Kufi",
    "variant": "700",
    "subset": "unknown",
    "align": "inherit",
    "transform": "capitalize",
    "size": "15",
    "letter-spacing": ""
  },
  "typo_mg_5_title_big": {
    "family": "Droid Arabic Kufi",
    "variant": "700",
    "subset": "unknown",
    "align": "center",
    "transform": "capitalize",
    "size": "17",
    "letter-spacing": ""
  },
  "typo_mg_5_title_small": {
    "family": "Droid Arabic Kufi",
    "variant": "700",
    "subset": "unknown",
    "align": "center",
    "transform": "capitalize",
    "size": "13",
    "letter-spacing": ""
  },
  "typo_mg_6_title": {
    "family": "Droid Arabic Kufi",
    "variant": "700",
    "subset": "unknown",
    "align": "inherit",
    "transform": "capitalize",
    "size": "21",
    "letter-spacing": "",
    "color": "#ffffff"
  },
  "typo_mg_7_title": {
    "family": "Droid Arabic Kufi",
    "variant": "700",
    "subset": "unknown",
    "align": "inherit",
    "transform": "capitalize",
    "size": "21",
    "letter-spacing": "",
    "color": "#ffffff"
  },
  "typo_mg_8_title": {
    "family": "Droid Arabic Kufi",
    "variant": "700",
    "subset": "unknown",
    "align": "inherit",
    "transform": "capitalize",
    "size": "21",
    "letter-spacing": "",
    "color": "#ffffff"
  },
  "typo_mg_9_title": {
    "family": "Droid Arabic Kufi",
    "variant": "700",
    "subset": "unknown",
    "align": "inherit",
    "transform": "capitalize",
    "size": "21",
    "letter-spacing": "",
    "color": "#ffffff"
  },
  "typo_mg_10_title": {
    "family": "Droid Arabic Kufi",
    "variant": "700",
    "subset": "unknown",
    "align": "inherit",
    "transform": "capitalize",
    "size": "21",
    "letter-spacing": "",
    "color": "#ffffff"
  },
  "typo_listing_grid_1_title": {
    "family": "Droid Arabic Kufi",
    "variant": "700",
    "subset": "unknown",
    "align": "inherit",
    "transform": "none",
    "size": "15",
    "line_height": "25",
    "letter-spacing": "",
    "color": "#383838"
  },
  "typo_listing_grid_2_title": {
    "family": "Droid Arabic Kufi",
    "variant": "700",
    "subset": "unknown",
    "align": "inherit",
    "transform": "none",
    "size": "15",
    "line_height": "25",
    "letter-spacing": "",
    "color": "#383838"
  },
  "typo_listing_tall_1_title": {
    "family": "Droid Arabic Kufi",
    "variant": "700",
    "subset": "unknown",
    "align": "inherit",
    "transform": "none",
    "size": "14",
    "line_height": "18",
    "letter-spacing": "",
    "color": "#383838"
  },
  "typo_listing_tall_2_title": {
    "family": "Droid Arabic Kufi",
    "variant": "700",
    "subset": "unknown",
    "align": "center",
    "transform": "none",
    "size": "14",
    "line_height": "19",
    "letter-spacing": "",
    "color": "#383838"
  },
  "typo_listing_slider_1_title": {
    "family": "Droid Arabic Kufi",
    "variant": "700",
    "subset": "unknown",
    "align": "inherit",
    "transform": "none",
    "size": "20",
    "line_height": "32",
    "letter-spacing": ""
  },
  "typo_listing_slider_2_title": {
    "family": "Droid Arabic Kufi",
    "variant": "700",
    "subset": "unknown",
    "align": "inherit",
    "transform": "none",
    "size": "20",
    "line_height": "32",
    "letter-spacing": "",
    "color": "#383838"
  },
  "typo_listing_slider_3_title": {
    "family": "Droid Arabic Kufi",
    "variant": "700",
    "subset": "unknown",
    "align": "inherit",
    "transform": "none",
    "size": "20",
    "line_height": "32",
    "letter-spacing": "",
    "color": "#383838"
  },
  "typo_listing_box_1_title": {
    "family": "Droid Arabic Kufi",
    "variant": "400",
    "subset": "unknown",
    "align": "inherit",
    "transform": "none",
    "size": "18",
    "line_height": "25",
    "letter-spacing": ""
  },
  "typo_listing_box_2_title": {
    "family": "Droid Arabic Kufi",
    "variant": "400",
    "subset": "unknown",
    "align": "inherit",
    "transform": "uppercase",
    "size": "14",
    "line_height": "18",
    "letter-spacing": ""
  },
  "typo_listing_box_3_title": {
    "family": "Droid Arabic Kufi",
    "variant": "400",
    "subset": "unknown",
    "align": "inherit",
    "transform": "uppercase",
    "size": "17",
    "line_height": "20",
    "letter-spacing": ""
  },
  "typo_listing_box_4_title": {
    "family": "Droid Arabic Kufi",
    "variant": "400",
    "subset": "unknown",
    "align": "inherit",
    "transform": "uppercase",
    "size": "17",
    "line_height": "20",
    "letter-spacing": ""
  },
  "typo_listing_blog_1_title": {
    "family": "Droid Arabic Kufi",
    "variant": "700",
    "subset": "unknown",
    "align": "inherit",
    "transform": "none",
    "size": "15",
    "line_height": "21",
    "letter-spacing": "",
    "color": "#383838"
  },
  "typo_listing_blog_5_title": {
    "family": "Droid Arabic Kufi",
    "variant": "700",
    "subset": "unknown",
    "align": "inherit",
    "transform": "none",
    "size": "16",
    "line_height": "26",
    "letter-spacing": "",
    "color": "#383838"
  },
  "typo_listing_thumbnail_1_title": {
    "family": "Droid Arabic Kufi",
    "variant": "700",
    "subset": "unknown",
    "align": "inherit",
    "transform": "none",
    "size": "12",
    "line_height": "19",
    "letter-spacing": "",
    "color": "#383838"
  },
  "typo_listing_thumbnail_2_title": {
    "family": "Droid Arabic Kufi",
    "variant": "700",
    "subset": "unknown",
    "align": "inherit",
    "transform": "none",
    "size": "12",
    "line_height": "19",
    "letter-spacing": "",
    "color": "#383838"
  },
  "typo_text_listing_1_title": {
    "family": "Droid Arabic Kufi",
    "variant": "700",
    "subset": "unknown",
    "align": "center",
    "transform": "capitalize",
    "size": "13",
    "line_height": "18",
    "letter-spacing": "",
    "color": "#383838"
  },
  "typo_text_listing_2_title": {
    "family": "Droid Arabic Kufi",
    "variant": "700",
    "subset": "unknown",
    "align": "inherit",
    "transform": "capitalize",
    "size": "12",
    "line_height": "17",
    "letter-spacing": "",
    "color": "#383838"
  },
  "typo_text_listing_3_title": {
    "family": "Droid Arabic Kufi",
    "variant": "700",
    "subset": "unknown",
    "align": "inherit",
    "transform": "capitalize",
    "size": "12",
    "line_height": "17",
    "letter-spacing": "",
    "color": "#383838"
  },
  "typo_widget_title": {
    "family": "Droid Arabic Kufi",
    "variant": "700",
    "subset": "unknown",
    "transform": "uppercase",
    "size": "14",
    "line_height": "38",
    "letter-spacing": ""
  },
  "typo_section_heading": {
    "family": "Droid Arabic Kufi",
    "variant": "700",
    "subset": "unknown",
    "transform": "uppercase",
    "size": "14",
    "line_height": "38",
    "letter-spacing": ""
  },
  "typo_footer_menu": {
    "family": "Droid Arabic Kufi",
    "variant": "700",
    "subset": "unknown",
    "transform": "capitalize",
    "size": "13",
    "line_height": "28",
    "letter-spacing": "",
    "color": "#ffffff"
  },
  "typo_footer_copy": {
    "family": "Noto Naskh Arabic UI",
    "variant": "400",
    "subset": "unknown",
    "size": "13",
    "line_height": "18",
    "letter-spacing": ""
  },
  "layout_columns_space": "18"
}